{"loss": 0.0005834068870171905, "eps": 0.26590443237082606, "avg_reward": NaN, "_runtime": 332, "_timestamp": 1636789137, "_step": 264924, "_wandb": {"runtime": 331}}