{"loss": 0.814818263053894, "eps": 0.9039321199016975, "avg_reward": 18.166666666666668, "_runtime": 8, "_timestamp": 1636786745, "_step": 5051, "_wandb": {"runtime": 7}}