{"loss": 0.0016833237605169415, "eps": 0.15678973603950633, "avg_reward": 188.0, "_runtime": 309, "_timestamp": 1636828575, "_step": 370570, "_wandb": {"runtime": 308}}