{"loss": -5.565470218658447, "eps": 0.054100645088884264, "avg_reward": 9.636363636363637, "_runtime": 157, "_timestamp": 1636786933, "_step": 145845, "_wandb": {"runtime": 155}}