{"loss": 0.009016315452754498, "eps": 0.9775312123761157, "avg_reward": 15.5, "_runtime": 7, "_timestamp": 1636828614, "_step": 4546}